id,source,cluster,full_text,my_label_photo_gone,my_label_cant_find,notes
2887,play_store,0,if your photos are full you can't edit anything. if you delete photos to make room IT DELETES IT OFF YOUR PHONE TOO. NOT JUST THE GOOGLE. I LOST SO MANY PICTURES BECAUSE OF THIS.,,,
9219,play_store,5,"I used to love this app until changes were made on Googles end. My Android phone no longer automatically syncs with Google photos on my PC. I can no longer access albums I've created on my phone either. They have all disappeared. Why were these changes made? Photos sent to the bin or archives on the PC remain on my phone forever and need to removed or archived separately. I'm kind of stuck with you now, and its no longer the enjoyable activity it used to be.",,,
10803,youtube_comment,0,Anna pen drive lo video delete ala recover chaiyalo kuncham chapara,,,
8965,play_store,0,"It was good until I used backup and sync. I can't get my pictures back to my gallery. I wasn't informed of this and now I have to open Google photos just to see them. I have a lot of pictures, and my storage is full on the app so I should buy the 100gb. Google photos cant be opened that quickly without wifi or data. I think I lost all my memories now",,,
2809,play_store,0,this app erase my old memorable photos same folder are missing please recover my photos.,,,
7946,play_store,0,"Awful. Don't waste your money. You backup everything and if you remove the sd card... it's all gone. What in the actual f is the point of this app?? I've paid for a backup service for 5 years... 5 years... that's no less than $500 I've paid to them for zero benefit. Then you want to contact someone for help?? Well f you customer. No phone, no support, no email (the one listed below doesn't work). I'm astounded and enraged. I want every single dollar back that you stole from me Google.",,,
4263,play_store,0,Lost my photos :( It seems im missing 2 certain dates of photos that were taken in the last week. Devastated to say the least. Can not find them stored anywhere else - have spent days looking on my phone. This is why i was never happy about a phone storing photos online. My SD card would have been better and easier - which is what i was trying to back them up to and are now non existent. Heartbroken.,,,
8637,play_store,1,"This horrible app/my phone asked if I wanted to ""free up some space by archiving old photos""...it said the pictures would be available to pull up on my phone after archiving them. It lied!! It took almost every single picture and now I cannot find them. This is awful!!",,,
2576,play_store,0,"I am experiencing issues with my photos being out of sync, and some videos appear to be missing. Additionally, the timestamps no longer correspond correctly.",,,
2330,play_store,2,"u know its a good app and i actually i work so much with it , it helps me a lot , but recently when i download some pictures , and i wanna find it in my gallery , it doesn't show it up , its like i didn't download it , but i actually did , and sometimes it show it for some second and immediately it disappear . this app is really useful, please look into this issue and fix it. I really love using Google Photos, and I hope this bug can be resolved soon. Thank you!",,,
5931,play_store,1,"it's okay but I can't access my old photos,",,,
6599,play_store,2,google photos not working properly in my mobile Google pixel 4 .. problem is Whatsapp videos & images folders not showing in Google photos??,,,
6278,app_store,0,Stopped Collections… I have several “collections” (ie albums) that I shared with people. They seem to have stopped altogether and I have lost the collections I had. This is exactly what is annoying about computer failures. How do I get them back?????,,,
2278,play_store,2,"Using Google Android Pixel with updated app (as I do not believe others with iPhones have this bug): I have many Google Photos albums and sort by ""newest."". Despite this setting, they are often jumbled and incorrect when I view them, missing photos, having dates way out of sorting alignment, and the only fix, which is VERY short term is to resort ""oldest"" to ""newest"" and retry. The albums that I have sorting by ""oldest"" (which was the previous Google default) do not seem to have issue.",,,
7353,play_store,0,"Since update all my photos are missing and the camera no longer stores images. Please fix this! Been waiting 2 years! Still not fixed. I take a picture, camera makes click then image appears on thumbnail, so I go to images file. Not there! Tried all suggestions but nothing works, big failure of this device.",,,
9368,reddit,2,"/u/PracticalLeg9873 on Lost 10+ years of photos yesterday. Need urgent help to get them back Note to self : download your Google photos and phone pictures from time to time, and store them on a good old computer drive.",,,
5819,play_store,0,"Most of the time my photos are gone and I cannot switch one pic from one folder to another, my all important photo are not visible to me and my I can't have access to",,,
3300,play_store,0,"If you need storage and can afford the monthly fees it's fine. Just know if you ""Sync"" to your account and you want to only delete from Google but not your phone, un-sync it first, otherwise they will automatically delete your photo/video and if you don't realize it 30 days afterwards you're out of luck. It's deleted forever and you'll need a third party app to try to retrieve it.",,,
5827,play_store,0,"My wats up images are missing, please help",,,
12198,youtube_comment,1,Faltu ka video kyu bante ho Purna photo dikha hi nhi Raha hai jo abhi gallery me hai usko dikha rha hai ok faltu video mt banya karo😡,,,
679,play_store,0,worst experience lost my photos,,,
2417,play_store,0,"Awful experience when manually uploading files, lost some photos, can't upload full albums directly from the device... Really poor experience, features works well, but the lack of features and clean UX bothers a lot",,,
7100,play_store,0,"I've been using this app for a very long time and have never even once had a complaint until now. I installed the update only for it to completely delete all my albums. Albums that I spent hours meticulous crafting for the entire semester!— Anatomy albums, with description, labeling, organizing and everything, all gone 😡. This pisses me off. You guys should pls bring my albums I beg you!!!!",,,
2976,play_store,0,Deleting the backups deleted the same photos and videos off my phone. Pictures and videos of my one year old son. Gone. Why is deleting the backups on Google also deleting the originals on my phone?,,,
11564,youtube_comment,1,Are video ko like karne ke liye Nahin wapas kaise lana hai vah batao😢😢😢😢,,,
106,play_store,2,Some of my pictures are missing. I don't have a storage problem since my android is expandable. 2017 pictures are missing!!,,,
902,play_store,3,"everything worked great until the last update. now my photos won't show in the app. Works perfect with an older version of app, doesn't work with new version. Google one support has been no help. Older version works as expected, then update app, exact same settings, sign in, doesn't work. there is a problem with v7.83. response: my photos are not 'missing or lost'. they are visible in the PC web interface. They are visible in older versions of app. They are not visible in new version.",,,
6144,play_store,0,"I fear i may have lost a big amount of my photos somehow. I deleted photos on my device after they were backed up on this app but didn't delete all of them, thankfully, and have noticed a bunch of the photos on my device are not saved on the app. I have also been searching for specific photos that are no longer on my device and can't find them at all on the app. This was a big fear of mine, to lose precious memories, and I thought this was going to be the safest way to ensure never losing them.",,,
6104,play_store,1,"Not sure what to do with this app. Pictures seem to disappear, can find no way to retrieve them. I also have to agree with Carrie Tohl finding my pictures has become such a chore. I delete duplicates & in a couple of days, they have magically , are back. Also im not seeing any new filters. Instead they pull one of the pictures throw a really Nice filter ,drag you in & never get direction on finding the right App!! SO YOUR SUGGESTION WOULD BE??!",,,
4970,play_store,0,"this last update causes the app to backup my images, but erase the copy from device. I click ""download"" and it may stay in device 24 hours at best. then when I go to an app to attach it to something that doesn't thave direct access to the photos app, it's nowhere to be found. I go to check if it's on device, gone again.",,,
5516,play_store,2,"After the latest update for google photos, my downloaded folder has disappeared. I am using a chromebook and when I click ""on device"" it takes me to my folders. The download one is simply gone, I would like to state that I did nothing to it. Just opened photos one day and it wasn't there anymore. It was backed up and everything. Im order to fix the issue I tried uninstalling and reinstalling and it was just the same thing. Not sure what's wrong but I hope it gets fixed soon.",,,
2917,play_store,1,"Latest update is a pain. videos and photos that I took with this phone are missing from the application and now can only be located in files. Intrusive features bloat that I cannot disable. Stop asking me about Google backups, I disabled it for a reason. the UI continues to not allow the necessary customization to remove useless features. I do not want to enable face grouping, so let me get rid of the entire section for 'people'.",,,
7988,play_store,0,"App is nice, but old photos are disappearing and they are just gone. I read in the forums that many people are missing old photos and videos so I assume they are deleting the ones which they don't like, for example photos from funeral which are important gone totally. Google photos can't be trusted how they handle people's photos",,,
1084,play_store,1,I could not find some of I pictures and my videos which I am sure I uploaded and backed up at the account and it happens after I changed the device.,,,
4674,play_store,0,the reason for this is the fact that many of my backed photos and videos were missing from the Google photos especially from 2020 to 2023 January many memorable moments were gone so it was a really bad experience,,,
4306,play_store,0,"Your choices for compilation are undesirable, I can't choose which picture to be each album cover, and I can't organize and group my pictures the way that I want. The locked folder feature isn't user-friendly. Also, I shouldn't have to backup and sync to every cloud on the www,but not be able to retrieve anything when I get a new device. I have lost irreplaceable memories to the cloud in this way, more than once! Also, the edit feature in the paid google1 app is poor!",,,
538,play_store,0,"20 Jul 2026 update are awful, I used the function ""free up space"", after that all the photos are gone, only a few photos left, I subscribed, how did this happen???? on the website app still can access all the photos but on my phone it's nothing! I rebooted the app and my pixel 8, still not working!!! this is shocking do you understand????!!! like all the memories gone suddenly. please Fix it ASAP!!!",,,
1830,play_store,3,"Edit: Still no resolution. Besides, the app sometimes says New Version Available when there's no new version or has already been updated. Hallucinating just like Gemini. Web version shows manually uploaded content on the correct date but this app doesn't show any of those photos in regular view. Is the Google Photos team pushing AI made vibe coded unstable codebase to prod?",,,
8983,play_store,0,google photos has been fine for years and this recent update deleted my albums and the are no where to be found inside the app. My significant other has an album I have shared with her and she can see it just fine but the ones that were shared are gone for me and still only she can see the shared album. Something similar happened to her more than a year ago after an update. It's like the algorithm saw that it hasn't been opened in so long that it decided to get rid of it for you. 😁😁 So happy.,,,
8700,play_store,1,I have faced a lot of annoying issues with Google photos first there is no easy way to get back your data and the second my phone broke a few days ago I was glad I backed up all of my photos to g- photos but when i loged in from another device to check my photos they all were gone,,,
