id,source,cluster,full_text,my_label_1_vague_memory,my_label_2_general_search_quality,my_label_3_data_loss,notes
6502,play_store,1,"would be five stars the search feature had never worked for me, and I get hardly any automatic memories made for me. no matter what I search, even something obvious that I have many photos of, it won't show up. Apart from that great app, easy sync to Google storage, great editing features, overall great",,,,
2861,play_store,0,"this app is even worse, my collection of my stuff keeps disappearing, all freaking gone! but in the Photo room/tab, everything is fine and here, but why are they gone in the collection tab, this is not good, I am about to delete this app for good... not happy at all, please bring them back or I will still rate it at 1 star...",,,,
9352,reddit,2,"shared photos taking too long to load - How to access them without having to load? My dad shares his phone photos with me through Google Photos, but when I want to access older photos, even if they're from three months ago or less, they have to be uploaded. I'd like to access photos from years earlier, 2008 to be exact, and that will definitely take forever to load, and I'll have to keep scrolling until I get there. Is there a way to use the app and just by opening the shared album, I can access all the photos as if I were looking at them on his own phone? submitted by /u/emeaga4 [link] [comments]",,,,
8629,play_store,3,"Terrible, trash. Never works like it's supposed to. Doesn't load most of my backed up photos. Doesn't show any of my recent photos to share easily. Worst photo app ever. Quit changing everything cuz you're messing it all. Sad when it used to work great, but now it doesn't.",,,,
182,play_store,1,even after backed up photos there are no chance to found same face person after search the name of person🥴😑,,,,
1236,play_store,0,"The album and collection don't work at all, i just want to save the family and holidays travel album on the cloud and share with the family but Google photos simply show all the devices folder and i couldn't find my family and travel holiday album from the app not worth the price to subscribe the additional storage.",,,,
9306,play_store,2,"My downloaded images and clicked photos get lost or completely mixed up, creating confusion. I download it today, and next day when I want to see the WhatsApp pictures, I don't find the pictures. All the pictures get mixed up completely and tracing the pictures is extremely difficult. Very annoying. Finding pictures is tedious. No improvement with the updates.",,,,
7570,play_store,2,"Hate the additional row that allows sharing through Google. Other apps can't find a picture sent this way. Other apps can't find the picture. I can't find it. Where is it? Can't find it in Library, or Files. Can't get rid of it either. Poorly designed. I also can't get rid of Print Shop in this app on Blu phone. Photos aren't backing up to Google Drive even though I checked settings and it says ""Back up Complete"". Can't ""Select All"" and manually upload them, I have to do each photo individually. Some photos don't show up in Photos, but will with another app? Not user-friendly at all. Poorly designed to maximize Google profits, but awful for the average user. I just tapped ""Save to Drive"" and it downloading ???, not uploading photos to Drive???? Plus I had to uninstall updates so my elderly Mother wouldn't be confused by all the printing services and other gobbly gook, but now constantly interrupted to update which will cause confusion. Google - you suck! You should have two folders, Pictures and Videos, and sub-folders below that, not ""messages', ""downloads"" and twenty other places to look when you want to look at your photos. Then have a sort by, Date, app, ... Google complicates simple things, I just don't get it. I'm looking for two animated photos that show up in ""Photos"" under ""yesterday"", what effing folder are they in because when I go to ""Albums"" they are no where to be found! Can't find them in ""Files"" either. They aren't under any heading!!!! AND the idiots use the messaging symbol for share!!! Just sloppy work from Google for years now.",,,,
149,helpforum,2,How do I find pictures that I saved last week? The search tab doesn't have a 'Recently Saved' or 'Recently Downloaded' filter option.,,,,
1438,play_store,1,"It used to work great and I would use it all the time. Now I pay for storage and the app doesn't work. The whole app is so slow, and won't load or back up images, can't delete images, edit, or find images passed a couple days old.",,,,
12250,youtube_comment,1,Mana search Kiya to mucha tho nahi mila😢😢,,,,
8578,play_store,1,"Despite of Photo picker has an access to my photos and Google photo are chosen as my cloud media app. Google photo cannot make search by ""face"", cannot use face groups, cannot label ""me"" (no photos shown to chose with). Your links are irrelevant, because I even cannot turn on group similar faces. I wrote above I even cannot label myself because these options are NOT working at all!",,,,
2235,play_store,3,organization difficulty. it's great having folders but I wish they'd disappear from the main folder or something once organized into one otherwise they can get sorted into multiple folders and it's a mess. also the search for any of my Pic is difficult when I'm trying to find a specific one but any of the key words don't make it pop up so I end up just having to scroll. it seems like a problem other users are having as I see very similar reviews. the app updates often but ive had this same issue,,,,
12343,youtube_comment,1,"Bhai solve to hua ni aapka, aap jis phone me video bta rhe hai, usme b settings saari on hai, lekin fir b to aapko wohi msg dikh rha hai, nye wale people add krne ko to bta diya lekin jo purane people add the jo sirf name search krne se hi saamne aa jate the wo ab nhi show ho rhe , usko kese thik kre",,,,
9717,reddit,1,"Searching photos by day and date no longer working In my Google Photos library, I used to be able to search for all photos posted on a particular date, across all years. For example, I could search for ""3 November"", and it would show all photos taken on 3 November, for every year in my library. Starting a couple of days ago, this no longer works. Searching for any day and date within speech marks returns a No Results window. I've checked manually, and the photos are there in the library - nothing has been removed or changed. I have tried various searches using a combination of terms, with and without speech marks, but the results vary wildly. Just 3 November gives me some, but not all, photos with ""3"" and ""November"" (presumably in the filenames). November 3 is more accurate, as it seems to capture all of the 3 November photos, as well as every other file with November and 3 in it. Adding a suffix (3rd, or 1st, or 4th) seems to give random results. Putting things in speech marks returns No Results. It seems like Google has changed something in the last few days, and broken this search functionality. Is there any other way of bringing up photos for a particular day and date in my library?",,,,
7758,play_store,1,"You've ruined the search completely. How can Google ruin search? For the reply, I've used photos for years and searched for mixed searches, adding extra terms, locations and faces and always been amazed by what it picked up. Now it's impossible to find things like this, it's recommending completely incorrect photos or not showing some I know it would have found (and did find) before. Just look at the other reviews and social media to see something has changed for the worse.",,,,
5557,play_store,3,I hate the last update to AI. I would have given it 4 out of 5 stars before. Star off because it kept relabeling my different black cats even though I went through each photo separately to label them. But this AI update is terrible. It can't find all the pictures of my new nephew where it would have collected them before. And I have to dig for the Lens tool that I use quite often. I want to go back to my old version.,,,,
4128,play_store,3,"Was very good and useful (5 stars) until last two updates. Absolutely useless. I can't look at all my photos/videos and one big section anymore, Or search for any particular photos. Instead, when I want to find the old holiday photos, I have to scroll through hundreds of photos to find them, and guess which section they are in. I can't just go for all me vids/pictures as a whole and search for something like ""faces"" anymore. Really awful, can never find what I'm looking for. Please fix this.",,,,
5041,play_store,0,when I wanted to upload and recover old photos she just kept sending me endless advertisements instead of sending me to the photos I would like to retrieve,,,,
9251,play_store,1,"- the faces I can search for of the search tab is often out of sync with the faces I see when I search when trying to tag someone, and sometimes photos are already associated with a face but don't show it - it often forgets people and I have to keep readding then over and over - IT IS NOW TRYING TO REUPLOAD EVERY PHOTO / video ON MY DEVICE; I had to disable backups completely to keep it from blowing through 25 extra gigs if my Google One space!",,,,
4642,play_store,1,"does not import correctly. typing in search requires exact match. if i have 3 password for different Google accounts i can't just search for Google it has to be exact. ie ""Google Home""",,,,
1326,play_store,1,"When I search for photos of specific people, I am able to get results from photos in shared albums. And there's no way to search for specific people inside a shared album either. please fix this.",,,,
196,play_store,1,"I can no longer search my photos for people, colors, objects or words (etc). trying to ask Gemini doesn't work and just sends me back to the search page which always yeilds no results.",,,,
4033,play_store,2,"this is weird, I was just looking at my pictures from the other day moved them to a folder , turned off my data 4 pictures of my pooch disappeared, then I put my charger in to charge my phone and then data they popped up with today section not the day they were taken or with the other photos they were taken with at the same time, good job I have them watermarked , I'm sure my account is in someone else's hands !!!, Thank you i will check the best I can, just update this yesterday, updated 18th?",,,,
627,play_store,2,"Using Google Android Pixel with updated app (as I do not believe others with iPhones have this bug): I have many Google Photos albums and sort by ""newest."". Despite this setting, they are often jumbled and incorrect when I view them, missing photos, having dates way out of sorting alignment, and the only fix, which is VERY short term is to resort ""oldest"" to ""newest"" and retry. The albums that I have sorting by ""oldest"" (which was the previous Google default) do not seem to have issue.",,,,
9094,play_store,1,"Like getting the memories. But can usually only see one pic. Too many clicks to get to other pics. Can't see to save the memory pic. This is very discouraging as some of them are friends, family, and pets that have passed. And can't find these specific pics, videos in history. Also haven't found how to save pics to albums.",,,,
8182,play_store,3,Horrible update! I wish I can revert to the older version. When looking for a photo with key words... the search came back with ZERO results whereas the old VERSION had a ton of photos and was accurate. This update version is TERRIBLE. Time to start looking for an alternative... Google is NOT IT.,,,,
3,unknown,2,What did you do? I can't find anything all of a sudden. Stacked photos?! I couldn't find the picture I just took. After freaking out for a few minutes I discovered it was stacked and needed to be unstacked. That was a mean trick.,,,,
12837,appstore,2,User complained about: Relative temporal parsing fails. I want the photos taken a few days after my birthday in Paris.,,,,
2568,play_store,1,"Waste more time trying to dismiss constant nagging to try their AI slop. Why do I pay so much for storage, and then get nagged with some dumb feature nobody wants. Just let me store my photos like I pay for. **After forcing us to use albums instead of folders, search hasn't even worked for years. Want to find a photo or folder with an exact name...doesn't work. It will use useless AI to find a thousand unrelated pictures it thinks are similar instead of the one picture with the exact name.",,,,
92,play_store,2,"Just bring back the old format; I can't even find or browse my old media unless I search year by year because the main page only shows the camera roll. Who decided that? I used to scroll down, and I'd find everything; now I feel like my own memories are being hidden from me.",,,,
3285,play_store,1,"Just a quick question, I can't seem to find my search bar in google photos. Like when I clean my photos I search the word ""cars"", and the it shows me all of my photos, and then I delete it like that instead of searching every day/month. can you advise please? thanks",,,,
5082,play_store,0,"Developers: I'm not sure what else you want to know. I created an album on the cloud for some pictures. This album is not on my phone. When I open the app, I cannot find this album. It just lists all my phone photos (and I can't even sort those by album!) in chronological order. There is no button to see my albums. The only way to find the album is to use the search function which isn't very convenient.",,,,
12218,youtube_comment,1,maine FRI end Joy search Kiya Par Pizza nahi aaya,,,,
12232,youtube_comment,1,Mene jab friends joey search kara to pizza nahi aaya😢,,,,
3481,play_store,1,After updating to latest version I can't see full file name of image and videos. And search engines got worse than before its not accurate.,,,,
7516,play_store,4,"This program makes it difficult for organizing photos... editing this because here it is 2 years later I still feel the same. Where is my ""screenshot folder""? I had one on my old phone. My new Samsung 22 throws them in the ""camera"" and there is no way to seperate them conveniently. I searched the web for hours yesterday, I even factory reset the phone thinking I did something wrong. But alas, nothing.",,,,
7976,play_store,3,"As pointed out by other user, and as per my experience, photos dates are messed up, after the update it messed up more for some reason instead of fixing it. Also, my old photos are not loading, instead its showing grey box, and i cant even open it. One more thing is that, after Deleting a photo, others seem to get unorganized and jump to the next date 🙄. Please fix these issues, its sad to see these small bugs from GOOGLE.",,,,
10655,youtube_comment,1,Paddington bear search kro,,,,
685,play_store,0,"Can you believe ?? This app is from a big world company !! In today's era, where HEIC is trending, this app can't open/ play that file type. Can you give the option to rearrange (at least default short by name, an album starts with ""W"" i.e. whatsapp on top, tf)* Most of album is not showing. can't we back-up particular album or photo except videos like backup only for camera and image ? SAMSUNG IS SUPERIOR !! From All !!",,,,
50,play_store,1,"Randomly re-tagged most of my cat photos as the wrong cat mid August. The ability to accurately tag my cats is just gone now. Keeps tagging them as cats i had in 2007 or haven't photographed in 8 years. I understand facial recognition with pets is harder, but the previous method was much more reliable. Google photos is the only Google software keeping me from abandoning Google altogether, so they really need to revert this to what it was before.",,,,
5867,play_store,1,Very slow in responding and I want to retrieve photos is not coming up. I want to buy more space not responding too,,,,
10531,youtube_comment,1,"Sare fotos nahi dikh rahe he,is me to 2023 tak hi dikha raha he",,,,
12620,youtube_comment,0,"I had albums already made in Gallery on my old phone. The new one only has Google photos, and the albums didn't make the transfer. It would take a year to transfer all of the pictures into new albums manually. They're dumped into 'photos' at random and I can't find specific ones I'm looking for now.",,,,
4933,play_store,1,"In where you look at videos there is a very unfortunate layout, you can't search for dates as you could before. In addition they layout makes it very overwhelming, please give me the old one back.",,,,
6734,play_store,1,can't find some of my videos,,,,
5128,play_store,0,"terrible photos app. takes photos organized in albums and puts them into random collections and is missing 5 years of items which can be found with a search but dont show up anywhere and you cant seem to change the ""collections"". its a giant pain when you have 19000 items in the gallery. i regret getting a pixel phone entirely due to this app and the lack of customer service",,,,
4138,play_store,1,"It's infuriating that your response is that it's my device (advising reinstall, etc) when I said it's happening on desktop browser and friends as well. Search is busted for both desktop chrome and android app for word search (results that worked in the past have no results), map search (map takes forever and will show hot spots but no photos), and even scrubbing the timeline often gets stuck to a random date and you can't scroll back further (I have 18 yrs of media!). And 360's busted on S23/S22",,,,
6386,play_store,2,"Google Photos has a serious timeline bug on Android. Some photos randomly disappear from their correct month and only show up in “Recently Added,” while everything looks normal in the browser version. This appears to be an indexing or metadata sync issue inside the mobile app. Very frustrating for users who organize photos by date. Please investigate and fix it.",,,,
8933,play_store,0,Hate the photo app. Half the time I can't bring up my photo albums where I put 90% of my stuff. And when I do find the albums it's only a few not all of them. Hey when I can't find my pictures. Would prefer when you put them in an album that they go off of the list of pictures. That way I don't have pictures in three places including the cloud.,,,,
